<?xml version="1.0" encoding="UTF-8"?>
<project xmlns="http://maven.apache.org/POM/4.0.0" xmlns:xsi="http://www.w3.org/2001/XMLSchema-instance" xsi:schemaLocation="http://maven.apache.org/POM/4.0.0 http://maven.apache.org/maven-v4_0_0.xsd">
  <parent>
    <artifactId>CS410J</artifactId>
    <groupId>edu.pdx.cs410J</groupId>
    <version>Summer2019</version>
    <relativePath>../pom.xml/pom.xml</relativePath>
  </parent>
  <modelVersion>4.0.0</modelVersion>
  <groupId>edu.cau.cps.cis301.asazegar</groupId>
  <artifactId>apptbook</artifactId>
  <name>CS410J Appointment Book Project</name>
  <version>1.0-SNAPSHOT</version>
  <description>An Appointment Book application for CS410J at Portland State University</description>
  <url>http://www.cs.pdx.edu/~whitlock</url>
  <inceptionYear>2000</inceptionYear>
  <developers>
    <developer>
      <id>YOU</id>
      <name>Your name here</name>
      <email>you@youremail.com</email>
      <url>http://www.cs.pdx.edu/~YOU</url>
      <organization>PSU Department of Computer Science</organization>
      <organizationUrl>http://www.cs.pdx.edu</organizationUrl>
      <roles>
        <role>Student</role>
      </roles>
      <timezone>-7</timezone>
    </developer>
  </developers>
  <build>
    <plugins>
      <plugin>
        <artifactId>maven-source-plugin</artifactId>
        <version>2.4</version>
        <configuration>
          <attach>true</attach>
        </configuration>
      </plugin>
      <plugin>
        <artifactId>maven-jar-plugin</artifactId>
        <version>2.6</version>
        <configuration>
          <archive>
            <manifest>
              <mainClass>edu.cau.cps.cis301.asazegar.Project2</mainClass>
            </manifest>
          </archive>
        </configuration>
      </plugin>
      <plugin>
        <artifactId>maven-shade-plugin</artifactId>
        <version>2.2</version>
        <executions>
          <execution>
            <phase>package</phase>
            <goals>
              <goal>shade</goal>
            </goals>
          </execution>
        </executions>
      </plugin>
      <plugin>
        <artifactId>maven-failsafe-plugin</artifactId>
      </plugin>
      <plugin>
        <groupId>org.codehaus.mojo</groupId>
        <artifactId>build-helper-maven-plugin</artifactId>
      </plugin>
      <plugin>
        <groupId>org.jacoco</groupId>
        <artifactId>jacoco-maven-plugin</artifactId>
      </plugin>
    </plugins>
  </build>
  <profiles>
    <profile>
      <id>grader</id>
      <build>
        <plugins>
          <plugin>
            <artifactId>maven-javadoc-plugin</artifactId>
            <version>3.0.1</version>
            <configuration>
              <doclet>edu.pdx.cs410J.grader.APIDocumentationDoclet</doclet>
              <docletArtifact>
                <groupId>edu.pdx.cs410J</groupId>
                <artifactId>grader</artifactId>
                <version>Summer2019</version>
              </docletArtifact>
              <useStandardDocletOptions>false</useStandardDocletOptions>
              <show>private</show>
            </configuration>
          </plugin>
        </plugins>
      </build>
    </profile>
  </profiles>
  <repositories>
    <repository>
      <id>CS410J</id>
      <name>CS410J Maven Repository</name>
      <url>https://dl.bintray.com/davidwhitlock/maven</url>
    </repository>
  </repositories>
  <dependencies>
    <dependency>
      <groupId>junit</groupId>
      <artifactId>junit</artifactId>
      <version>4.13-beta-3</version>
      <scope>test</scope>
    </dependency>
    <dependency>
      <groupId>edu.pdx.cs410J</groupId>
      <artifactId>projects</artifactId>
      <version>Summer2019</version>
      <classifier>tests</classifier>
      <scope>test</scope>
    </dependency>
      <dependency>
          <groupId>edu.pdx.cs410J</groupId>
          <artifactId>projects</artifactId>
          <version>RELEASE</version>
          <scope>compile</scope>
      </dependency>
  </dependencies>
  <reporting>
    <plugins>
      <plugin>
        <artifactId>maven-surefire-report-plugin</artifactId>
        <version>2.21.0</version>
      </plugin>
      <plugin>
        <groupId>org.codehaus.mojo</groupId>
        <artifactId>jdepend-maven-plugin</artifactId>
        <version>2.0</version>
      </plugin>
      <plugin>
        <artifactId>maven-checkstyle-plugin</artifactId>
        <version>3.0.0</version>
      </plugin>
      <plugin>
        <artifactId>maven-project-info-reports-plugin</artifactId>
        <version>2.8.1</version>
      </plugin>
      <plugin>
        <groupId>org.jacoco</groupId>
        <artifactId>jacoco-maven-plugin</artifactId>
      </plugin>
    </plugins>
  </reporting>
</project>

